name,tokenId
‚ô†10‚ô†,7703593978532054044599018728637176440710945224877102794001371753086268525990
‚ô†2‚ô†,71335949840496489571413305019866262730241203697243816769858763035683795025488
‚ô†3‚ô†,16674146011303626451998539402082501076297337062948860748112860715839637821144
‚ô†4‚ô†,59732470782488042272565742092499596012941653622550809497777531951838037498824
‚ô†5‚ô†,35754736226186345100245475014988862611193539750953116521449562339552469493330
‚ô†6‚ô†,59222929811138424058207491893379569856953399295016749897024820889058499012024
‚ô†7‚ô†,9361783604097613442261127302879638371078715444197712411910365487102965221464
‚ô†8‚ô†,74848422323880269746850442330937019665106352169767857671537723727067249081499
‚ô†9‚ô†,63549295989104982953879640548943318697257139856337596643001133044481320255101
‚ô†a‚ô†,84286897246892976898801739152968519778050900090402329895685307061742877983574
‚ô†j‚ô†,97190819944747070498720907269441205893853128743093098138650952762184207728660
‚ô†k‚ô†,3311016104199572323555413875456032854822595739617024729066626986278199159169
‚ô†q‚ô†,100092565450259773767121400100336942127963439110621627927498539387611499576337
‚ô†üÉè‚ô†,98558975007532867762728028918085786075046801320366459333902070665806322028403
‚ô£10‚ô£,70010971488554764115240243245237986988362448589785960788878248484914363672425
‚ô£2‚ô£,67180733657392955239332559445738540058930184309532851278844804340141698460188
‚ô£3‚ô£,44013190456182224859016531970141663929076987369088968365707498673838576137608
‚ô£4‚ô£,115693211024573615519377327501532443939195628994726242851551250181519504932722
‚ô£5‚ô£,62782456827023649354108845135544320761285019689857277523243798688732347506292
‚ô£6‚ô£,77927704208962891079818772922788938248858607250103333700768241826442016285845
‚ô£7‚ô£,16193268028775344007338054882038957818203405670425739029069337783836888882653
‚ô£8‚ô£,113353912852397142149518230001967583389205538305852290955162626578827125641046
‚ô£9‚ô£,55102729232676144318461493831678413008983521552532195356121279010356980826929
‚ô£a‚ô£,82344518050579843659071472487844349065016879936386166265367072442901143770419
‚ô£j‚ô£,90191302893856397366908030540461387116683929398516160710007274068393922772027
‚ô£k‚ô£,53992155495907864322964575159862846500498980640309563083153191179319331846287
‚ô£q‚ô£,84182155297764504937655174274082728119594566302426812613002345815785684682395
‚ô•10‚ô•,108406352442070203688677565278421076591190446317424430664870927431718399758853
‚ô•2‚ô•,45244190663462146279583686739214071532680648806296233788175918874161259886321
‚ô•3‚ô•,59516532564769511105429418148685695822441689742993479097945948965936606950807
‚ô•4‚ô•,26529363541883527238184339534192752694184373070057839590286553147215721782830
‚ô•5‚ô•,13203427259513133917162892052877842537016285855229913685526961229366325246823
‚ô•6‚ô•,107717697637852259780465282506650929832571930507462871708005634629226825844903
‚ô•7‚ô•,106405952054673351657471436216142898619791882734439715504334421974133871633129
‚ô•8‚ô•,62650914624317366181636130793444947252404566654064669876194160937349400789837
‚ô•9‚ô•,44066643940867639796941329424234513224808554947930128109993861808136470109446
‚ô•a‚ô•,6405831017150778292755145399232332572908014428523010028797549862293612196594
‚ô•j‚ô•,21177508686400857157408944869863335416314889117774298906973791269292382733371
‚ô•k‚ô•,711112692965157796544969119746862105179056652755118127031969176991466827623
‚ô•q‚ô•,114203448338643334058406176368981984519512528405705419582971437068240408926371
‚ô•üÉè‚ô•,31652681980615702097589921459795240895894413377935489231469604351831571684523
‚ô¶10‚ô¶,108337228284306852297673939139615831137645365328456468231558103334511504222548
‚ô¶2‚ô¶,74509178057670844511410579820441422633564865242102088988888530322946056682115
‚ô¶3‚ô¶,74682367273073838042505159210428169329012228925170155504861673053435533959524
‚ô¶4‚ô¶,34787460192068063252149204188668602842812859164564409613167431316757400514224
‚ô¶5‚ô¶,100518436206169936946678306370876041291407661390135778525257124425401123125926
‚ô¶6‚ô¶,45495341791788242078047156844787469471978313995562147086735818233701229011990
‚ô¶7‚ô¶,58141404438384054359791071023668033151340195691153191361491166943523785361774
‚ô¶8‚ô¶,94643384331014182194986191791316685765907564072657131224662209124294616041320
‚ô¶9‚ô¶,106831729530991767616411828918921958085810672374620925612315258112468554515108
‚ô¶a‚ô¶,76814801853043692818911013335357292215330887016556934664638984092915198453798
‚ô¶j‚ô¶,115163416182628566027404500157794159320167360739411703332050702231884936917714
‚ô¶k‚ô¶,14079154823277372893449994558661588286648317052586445299240159679719100617814
‚ô¶q‚ô¶,107000684216166153175464663327192960890300737971935315455422447044319251053442
